阶段 (Phase)	模块 (Module)	功能描述 (Description)	技术难度 (Difficulty 1-5)	工程量 (Volume 1-5)	状态 (Status)	玩家备注/批示 (User Remarks - Edit Here)
Phase 4: 态射与坍缩	LOD 状态机	玩家靠近时，将后台NPC数字瞬间转为 3D 实体模型	5	5	未开始 (Planned)	最难的跨越天堑
Phase 4: 态射与坍缩	动态事件渲染	玩家偶遇宗门大战或杀人夺宝时的 3D 战斗无缝生成	5	4	未开始 (Planned)	
Phase 3: 宏观数据演算	宗门经济	宗门类似文明系列各个文明的发展策略，外加策略，尽量根据当前发展情况给npc尤其针对性对玩家派发任务	？	？	？	
Phase 3: 宏观数据演算	宗门经济	各宗门按年消耗灵气与资源，决定衰弱或扩张	4	4	未开始 (Planned)	
Phase 3: 宏观数据演算	NPC行为树	薛定谔的NPC：在后台纯数字跑图、打怪、夺宝、重伤	3	4	未开始 (Planned)	
Phase 5: 涌现式叙事	天道意志引擎	触发百年天地大劫、灵气复苏等宏观改变规则的事件	3	2	未开始 (Planned)	
Phase 2: 静态世界生成	地图生成	基于 Seed 的大世界地形(HTerrain)、河流与山脉生成	3	4	未开始 (Planned)	
Phase 2: 静态世界生成	灵脉分布	根据地形特征生成灵脉热力图（决定资源与宗门选址）	2	2	待开工 (Todo)	
Phase 5: 涌现式叙事	因果报应	基于 Tag 的寻仇、报恩等动态生成修仙小说爽文桥段	2	3	待开工 (Todo)	
Phase 1: 核心基础闭环	离线结算	秘境时间流逝与资源后台结算（挂机收钻逻辑）	2	3	未开始 (Planned)	
Phase 1: 核心基础闭环	UI面板	妖怪打工可视化分配面板（兔子种田、狐狸炼丹）	1	2	待开工 (Todo)	
Phase 3: 宏观数据演算	修仙界好感	基于相处时间与契合度计算的自然羁绊增长网络				
Phase 1: 核心基础闭环	实体交互	小秘境炼丹炉与灵田的模型放置与点击交互				
